d1d2type,d1,d2,com
Kidney.Disease and Diabetes,0.017960125,0.081232493,0.190669371
Kidney.Disease and CVD,0.017960125,0.327731092,0.146788991
Diabetes and CVD,0.081232493,0.327731092,0.087481146